"","inhibitor","studies N","Effects N","Summary effect","Var Effect","T2","I2","Q","C","df","Z*","p(Z*)","Lower 95%","Upper 95%"
"1","nitrapyrin",14,21,0.0123984986507177,4.09117336735084e-05,7.661513331348e-05,0.0930079776759907,22.0509106009042,26769.0012691437,20,1.93840783854048,0.0525734848615069,-0.000138108389472614,0.0249351056909081
