"","inhibitor","studies N","Effects N","Summary effect","Var Effect","T2","I2","Q","C","df","Z*","p(Z*)","Lower 95%","Upper 95%"
"1","nitrapyrin",14,21,0.150386574258378,0.00667995996768083,0.0153289737437731,0.115482449108964,22.6111963294031,170.343845129476,20,1.84001827531289,0.0657655542985018,-0.00980622898771902,0.310579377504475
