"","Fert","Inhibitor","N.Studies","Summary effect (LRR)","Var. Sum. Effect","T2","I2","Q","C","df","Zstar","pz","LL.mean","UL.mean"
"1","AA","nitrapyrin",16,0.0107273785087025,7.58528208005808e-05,0.000317142698803467,0.297582871635809,21.3548323272418,20037.7695946263,15,1.23170792784307,0.218058207311719,-0.00634295237231768,0.0277977093897227
