"","Fert","Inhibitor","N.Studies","Summary effect","Var. Sum. Effect","T2","I2","Q","C","df","Zstar","pz","LL.mean","UL.mean"
"1","AA","nitrapyrin",16,0.118502697974312,0.0115424566056477,0.0503386029959509,0.30917577027928,21.713193247527,133.360738041678,15,1.10300914427998,0.270023194113982,-0.0920715200493011,0.329076915997925
