"","Fert","Inhibitor","N.Studies","Summary effect (LRR)","Var. Sum. Effect","T2","I2","Q","C","df","Zstar","pz","LL.mean","UL.mean"
"1","UAN","NBPT",2,0.023520593200161,0.000443029653568363,0.000592330144830091,0.60900245204807,2.55756079606653,2629.54841934192,1,1.11745970743216,0.263797818268215,-0.0177340152351184,0.0647752016354403
"2","UAN","NBPT+DCD",4,0.0183781505589118,0.000103503938091001,0,-0.172013221657076,2.55969808579325,2092.83753668496,3,1.8064392794961,0.0708497507265702,-0.00156227893923062,0.0383185800570543
"3","UAN","thiosulfate",1,0.0165038063810678,9.98917511794991e-05,0,1,-4.44089209850063e-16,0,0,1.65127462275543,0.0986825116868228,-0.00308558236210547,0.0360931951242411
"4","UAN","S.R",1,-0.0118907465215216,0.000551129177945573,0,NA,0,0,0,-0.506503463197087,0.612503259106085,-0.0579039821173337,0.0341224890742905
"5","UAN","nitrapyrin",3,0.00749798727682682,0.000168862957563442,0,-2.88383958508985,0.514954327073149,2244.14465289595,2,0.577002245644725,0.563937938519864,-0.0179716797366172,0.0329676542902708
