"","Fert","Inhibitor","N.Studies","Summary effect (LRR)","Var. Sum. Effect","T2","I2","Q","C","df","Zstar","pz","LL.mean","UL.mean"
"1","AA","nitrapyrin",16,0.00526277438087731,7.11447927940273e-05,0.000200695238214117,0.189903428932333,18.5163109383746,17520.6495662997,15,0.623940522763115,0.53266664639429,-0.0112693106660106,0.0217948594277652
