"","Fert","Inhibitor","N.Studies","Summary effect","Var. Sum. Effect","T2","I2","Q","C","df","Zstar","pz","LL.mean","UL.mean"
"1","AA","nitrapyrin",16,0.0836737813486478,0.0103655097432095,0.0292422946611234,0.190110283076273,18.5210401941832,120.409161968548,15,0.821852846686685,0.411160652428257,-0.115876067635293,0.283223630332588
