"","Study","Fert","Inhibitor","mean.diff","diff.var","Weight(Wi)","R.E. weight"
"1","Ebelhar 07","UAN","NBPT",0.29383333333333,0.0196783125,50.8173655642474,5.03411193978568
"4","Hatfield/Parkin 14","UAN","NBPT",1.02452380952381,0.156297347845806,6.39806121973703,2.98272580890478
"2","Ebelhar 07","UAN","NBPT+DCD",0.093833333333329,0.0240522500000001,41.5761519192589,1
"3","Ebelhar 07","UAN","thiosulfate",0.17433333333333,0.0222341249999999,44.9759097783252,1
"5","Randall 12 Esp","UAN","nitrapyrin",-0.0299999999999994,0.11635,8.59475719810915,8.59475719810915
"6","Vetsch/Randall  11","UAN","nitrapyrin",-0.309999999999999,0.461666666666667,2.16606498194946,2.16606498194946
"7","Vetsch 12","UAN","nitrapyrin",0.136363636363599,0.0294495867768595,33.9563338384689,33.9563338384689
