"","Study","Fert","Inhibitor","LRR","LRR.var","Weight(Wi)","R.E. weight"
"1","Ebelhar 07","UAN","NBPT",0.0305986055935077,0.00021245819997019,4706.80821046356,239.276303007689
"4","Hatfield/Parkin 14","UAN","NBPT",0.13476865731362,0.00270532017286022,369.642015030976,149.877157141973
"2","Ebelhar 07","UAN","NBPT+DCD",0.00987354899040194,0.000265499544612886,3766.48480304574,1
"3","Ebelhar 07","UAN","thiosulfate",0.0182671024260765,0.000243014145240162,4114.986800508,1
"5","Randall 12 Esp","UAN","nitrapyrin",-0.00246204473977504,0.00078404089588529,1275.44367296155,1275.44367296155
"6","Vetsch/Randall  11","UAN","nitrapyrin",-0.0359458989830622,0.00624409724295642,160.151253430276,160.151253430276
"7","Vetsch 12","UAN","nitrapyrin",0.01188038684387,0.000222897504198504,4486.36696761503,4486.36696761503
