"","Fert","Inhibitor","N.Studies","Summary effect","Var. Sum. Effect","T2","I2","Q","C","df","Zstar","pz","LL.mean","UL.mean"
"1","UAN","NBPT",2,0.565692314389829,0.124737462743754,0.178966455824833,0.67040113312266,3.03399101299747,11.3652080979258,1,1.60170239660855,0.109221434954029,-0.126544232519106,1.25792886129876
"2","UAN","NBPT+DCD",1,0.093833333333329,0.0240522500000001,NA,NA,0,0,0,0.605033316293279,0.545156860092407,-0.210138908162503,0.397805574829161
"3","UAN","thiosulfate",1,0.17433333333333,0.0222341249999999,0,1,-2.22044604925031e-16,0,0,1.16915048103575,0.242343008196401,-0.117924454586855,0.466591121253515
"4","UAN","nitrapyrin",3,0.0827665851090549,0.0223627817383036,0,-2.69694457360595,0.540987282925161,17.1752815746397,2,0.553467500580433,0.579943328735514,-0.21033555122889,0.375868721447
