"","inhibitor","studies N","Effects N","Summary effect","Var Effect","T2","I2","Q","C","df","Z*","p(Z*)","Lower 95%","Upper 95%"
"1","nitrapyrin",14,20,0.00830204173075637,4.88109669983713e-05,3.70297306208102e-05,0.0375041047681811,19.7403439267903,19993.2301525901,19,1.18830029862384,0.23471512012075,-0.00539146807575208,0.0219955515372648
