"","inhibitor","studies N","Effects N","Summary effect","Var Effect","T2","I2","Q","C","df","Z*","p(Z*)","Lower 95%","Upper 95%"
"1","nitrapyrin",14,20,0.101595441164233,0.00710808619952075,0.00488351129002137,0.0337853050300201,19.6643666246355,136.042815339237,19,1.20503005139635,0.228191700944201,-0.0636511138500212,0.266841996178487
